	Sample	Draught	Locating	Infection	Cold	Mobility	Heat	Position_1	Position_2	Position_3	Position_7	Position_8	Position_9	Position_16	Position_17	Position_18	Position_4	Position_5	Position_6	Position_10	Position_11	Position_12	Position_13	Position_14	Position_15
1	1	73	329	11	-5.4	62	38.2	A	C	T	T	G	A	G	A	C	A	G	C	A	C	T	C	A	C
2	2	54	313	23	-8.6	97	37.5	A	C	T	C	G	C	T	C	G	A	G	C	A	C	T	C	A	C
3	3	68	395	3	-6.7	82	38.1	A	C	T	T	G	C	G	A	C	A	G	G	A	C	T	C	A	C
4	4	62	356	32	-8.3	52	38.3	A	C	T	T	T	C	T	C	G	A	T	G	A	C	T	C	A	T
5	5	66	312	3	-7.1	94	37.8	A	C	T	T	T	C	G	A	C	A	G	G	A	C	T	C	C	T
6	6	76	305	35	-7.9	81	37.7	A	C	T	C	G	A	T	C	G	A	T	G	A	C	T	C	C	C
7	7	51	329	18	-5.4	87	37.6	A	C	T	C	G	A	G	A	C	A	T	C	A	C	T	C	A	T
8	8	85	364	21	-2.1	80	37.4	A	C	T	T	G	C	T	C	G	A	T	G	A	C	T	C	C	T
9	9	78	354	9	-8.5	86	38.2	A	C	T	C	G	A	G	A	C	A	T	C	A	C	T	C	C	C
10	10	73	391	29	-10	98	37.4	A	C	T	C	G	C	T	C	G	A	G	C	A	C	T	C	C	T
11	11	63	377	18	-7.1	132	32.8	A	C	T	C	G	C	G	A	G	A	G	G	T	T	G	T	A	C
12	12	80	396	27	-10	72	36.7	A	C	T	C	T	C	T	C	C	A	T	G	A	C	T	T	A	T
13	13	56	378	15	-9.1	69	36.8	A	C	T	C	G	A	G	A	C	A	G	C	A	C	T	T	C	C
14	14	70	321	28	-6.7	56	33.8	A	C	T	T	G	C	T	C	G	A	T	G	A	C	T	T	C	C
15	15	90	321	15	-7.9	85	35	A	C	T	C	G	C	G	A	C	A	G	G	A	C	T	T	C	C
16	16	70	396	23	-5.3	81	36.8	A	C	T	C	G	A	T	C	G	A	G	G	A	C	T	T	C	T
17	17	82	311	11	-7.2	59	33.3	A	C	T	C	T	A	G	A	C	A	T	C	A	C	T	T	A	C
18	18	83	324	38	-8.9	88	37.1	A	C	T	T	G	C	T	C	G	A	T	C	A	C	T	T	A	T
19	19	81	339	5	-4.2	68	34	A	C	T	C	T	C	G	A	C	A	G	C	A	C	T	T	C	C
20	20	78	322	36	-3.6	81	34.9	A	C	T	T	T	C	T	C	G	A	T	G	A	C	T	T	A	C
21	21	88	366	8	-5.7	73	37.7	A	C	T	C	T	A	G	A	C	A	T	G	A	C	T	C	C	C
22	22	63	390	21	-2.1	134	37.1	A	C	T	T	G	C	T	C	G	A	T	C	T	T	G	C	C	T
23	23	63	364	14	-5.3	73	37.8	A	C	T	C	T	A	G	A	G	A	G	C	A	C	T	C	A	T
24	24	82	337	26	-5.4	67	38.3	A	C	T	C	T	C	T	C	C	A	T	C	A	C	T	C	C	C
25	25	69	328	16	-3.9	78	37.7	A	C	T	C	G	A	G	A	C	A	G	G	A	C	T	C	A	C
26	26	79	309	24	4.3	95	37.6	A	C	T	C	G	A	T	C	G	C	T	C	A	C	T	C	C	C
27	27	89	395	4	4	53	38.4	A	C	T	T	T	A	G	A	C	C	T	C	A	C	T	C	C	T
28	28	87	362	23	2	59	37.1	A	C	T	T	G	C	T	C	G	C	G	C	A	C	T	C	C	C
29	29	85	304	16	-1.2	66	37.9	A	C	T	T	T	A	G	A	C	C	G	G	A	C	T	C	A	C
30	30	59	326	38	-0.6	64	37.9	A	C	T	T	G	A	T	C	G	C	T	C	A	C	T	C	A	T
31	31	55	337	16	-2.2	81	37.9	A	C	T	C	T	C	G	A	C	C	T	C	A	C	T	T	C	C
32	32	71	367	28	0.3	75	36.5	A	C	T	T	G	A	T	C	G	C	G	G	A	C	T	T	C	T
33	33	77	309	17	0.9	140	36.9	A	C	T	C	T	C	G	A	C	C	G	G	T	T	G	T	C	C
34	34	77	315	39	-2.7	91	35.5	A	C	T	C	T	A	T	C	G	C	G	C	A	C	T	T	A	T
35	35	88	370	9	1.7	76	37.9	A	C	T	C	G	C	G	A	G	C	G	G	A	C	T	T	C	T
36	36	71	398	34	0.5	74	34.3	A	C	T	C	T	A	T	C	C	C	G	G	A	C	T	T	C	T
37	37	53	307	19	0.9	60	35.2	A	C	T	C	T	C	G	A	C	C	T	G	A	C	T	T	A	T
38	38	56	387	36	-2.5	67	37.1	A	C	T	C	G	C	T	C	G	C	G	C	A	C	T	T	C	T
39	39	67	313	17	1.6	81	36	A	C	T	T	G	A	G	A	C	C	T	C	A	C	T	T	C	C
40	40	70	348	39	0.4	72	38	A	C	T	C	T	C	T	C	G	C	T	G	A	C	T	T	A	C
41	41	66	331	7	-1.3	87	37.7	A	T	T	C	T	C	G	A	C	C	G	G	A	C	T	C	C	C
42	42	59	361	25	1	73	37	A	T	T	C	G	A	T	C	G	C	G	G	A	C	T	C	C	T
43	43	53	362	4	0.2	57	38.3	A	T	T	T	T	A	G	A	C	C	G	G	A	C	T	C	A	C
44	44	53	333	28	4.1	123	38.1	A	T	T	T	T	A	T	C	G	C	T	C	T	T	G	C	C	T
45	45	53	383	9	1.8	65	37.2	A	T	T	C	T	C	G	A	C	C	G	C	A	C	T	C	C	T
46	46	52	300	20	-1.4	73	38	A	T	T	T	G	C	T	C	G	C	T	C	A	C	T	C	C	T
47	47	80	336	6	3.6	67	38.4	A	T	T	T	T	A	G	A	G	C	T	C	A	C	T	C	A	C
48	48	65	343	39	4.1	76	37	A	T	T	T	T	C	T	C	C	C	G	G	A	C	T	C	A	T
49	49	80	336	12	-2.2	69	37.8	A	T	G	C	T	C	G	A	C	C	G	G	A	C	T	C	A	C
50	50	90	328	27	3.2	65	37.2	A	T	G	C	G	C	T	C	G	C	G	C	A	C	T	C	C	T
51	51	101	302	11	-5.4	58	37	G	C	G	C	T	A	G	A	G	A	G	C	A	C	T	T	C	T
52	52	96	361	23	-8.6	93	32.1	G	C	G	C	T	C	T	C	C	A	T	G	A	C	T	T	A	C
53	53	100	383	3	-6.7	77	33.4	G	C	G	T	T	C	G	A	C	A	G	C	A	C	T	T	A	C
54	54	93	359	32	-8.3	98	34.4	G	C	G	T	T	A	T	C	G	A	T	C	A	C	T	T	A	T
55	55	82	367	3	-7.1	126	35.3	G	C	G	C	G	C	G	A	C	A	T	G	T	T	G	T	A	T
56	56	94	319	35	-7.9	72	33.2	G	C	G	C	T	A	T	C	G	A	T	C	A	C	T	T	A	T
57	57	101	340	18	-5.4	99	34.6	G	C	G	C	T	A	G	A	C	A	T	G	A	C	T	T	A	T
58	58	95	317	21	-2.1	86	35.2	G	C	G	T	G	C	T	C	G	A	T	C	A	C	T	T	A	C
59	59	83	363	9	-8.5	96	37.1	G	C	T	T	T	C	G	A	C	A	T	C	A	C	T	T	A	T
60	60	100	382	29	-10	88	37	G	C	T	T	G	A	T	C	G	A	T	C	A	C	T	T	C	C
61	61	104	319	18	-7.1	94	37.6	G	T	G	C	T	C	G	A	C	A	T	G	A	C	T	C	A	C
62	62	83	368	27	-10	98	37.6	G	T	G	C	G	C	T	C	G	A	G	G	A	C	T	C	C	T
63	63	82	381	15	-9.1	63	38.1	G	T	G	T	T	A	G	A	G	A	G	C	A	C	T	C	C	C
64	64	88	302	28	-6.7	69	37.4	G	T	G	C	T	A	T	C	C	A	G	G	A	C	T	C	C	T
65	65	80	321	15	-7.9	55	37.1	G	T	G	C	T	A	G	A	C	A	G	G	A	C	T	C	C	C
66	66	89	395	23	-5.3	125	37.5	G	T	G	C	T	A	T	C	G	A	T	C	T	T	G	C	A	C
67	67	88	356	11	-7.2	94	38	G	T	G	T	G	A	G	A	C	A	G	G	A	C	T	C	C	C
68	68	88	391	38	-8.9	57	38.3	G	T	G	C	T	A	T	C	G	A	T	G	A	C	T	C	A	C
69	69	119	324	5	-4.2	66	38.2	G	T	G	C	T	C	G	A	C	A	G	G	A	C	T	C	A	C
70	70	95	313	36	-3.6	80	37.8	G	T	G	T	T	C	T	C	G	A	G	C	A	C	T	C	C	C
71	71	116	318	8	-5.7	73	36.7	G	T	G	C	G	A	G	A	C	A	T	C	A	C	T	T	A	C
72	72	117	384	21	-2.1	79	32.8	G	T	G	C	T	A	T	C	G	A	G	C	A	C	T	T	A	C
73	73	94	390	14	-5.3	64	34.5	G	T	G	T	G	C	G	A	C	A	G	G	A	C	T	T	A	T
74	74	91	315	26	-5.4	68	33.6	G	T	G	T	T	A	T	C	G	A	G	G	A	C	T	T	A	T
75	75	115	374	16	-3.9	66	35	G	T	G	C	T	A	G	A	G	A	G	C	A	C	T	T	A	T
76	76	91	367	24	4.3	94	32.4	G	T	G	C	G	A	T	C	C	C	G	G	A	C	T	T	A	T
77	77	107	353	4	4	125	35.9	G	T	G	T	T	C	G	A	C	C	G	C	T	T	G	T	C	T
78	78	114	310	23	2	74	36.8	G	T	G	C	T	C	T	C	G	C	G	G	A	C	T	T	A	T
79	79	115	334	16	-1.2	62	35.8	G	T	G	C	G	A	G	A	C	C	T	G	A	C	T	T	C	C
80	80	100	323	38	-0.6	58	35.7	G	T	G	C	T	C	T	C	G	C	T	G	A	C	T	T	C	T
81	81	105	359	16	-2.2	91	37.9	G	T	G	C	G	A	G	A	C	C	T	G	A	C	T	C	A	C
82	82	109	325	28	0.3	52	38.1	G	T	G	C	T	C	T	C	G	C	T	G	A	C	T	C	C	C
83	83	104	367	17	0.9	73	37.3	G	T	G	C	G	A	G	A	C	C	G	C	A	C	T	C	C	C
84	84	112	394	39	-2.7	97	37.1	G	T	G	T	G	A	T	C	G	C	G	G	A	C	T	C	A	C
85	85	118	389	9	1.7	54	37.9	G	T	G	T	G	C	G	A	C	C	T	C	A	C	T	C	C	C
86	86	94	327	34	0.5	77	38.2	G	T	G	T	T	C	T	C	G	C	G	C	A	C	T	C	A	T
87	87	89	385	19	0.9	59	37.7	G	T	G	T	T	A	G	A	G	C	G	G	A	C	T	C	C	C
88	88	95	321	36	-2.5	124	37.5	G	T	G	C	G	A	T	C	C	C	G	C	T	T	G	C	A	T
89	89	116	378	17	1.6	60	37.6	G	T	G	T	G	C	G	A	C	C	T	C	A	C	T	C	A	T
90	90	112	348	39	0.4	68	38.1	G	T	G	T	G	C	T	C	G	C	T	G	A	C	T	C	A	T
91	91	81	346	7	-1.3	87	36.2	G	T	G	C	T	A	G	A	C	C	T	G	A	C	T	T	A	C
92	92	117	389	25	1	62	34.4	G	T	G	C	G	A	T	C	G	C	G	G	A	C	T	T	C	T
93	93	87	308	4	0.2	97	33.9	G	T	G	C	G	A	G	A	C	C	G	C	A	C	T	T	C	C
94	94	112	337	28	4.1	82	37.8	G	T	G	T	T	C	T	C	G	C	G	G	A	C	T	T	A	T
95	95	103	352	9	1.8	52	37	G	T	G	C	T	A	G	A	C	C	T	G	A	C	T	T	C	C
96	96	111	334	20	-1.4	94	33.4	G	T	G	T	T	C	T	C	G	C	T	G	A	C	T	T	C	T
97	97	106	314	6	3.6	81	35.4	G	T	G	C	G	A	G	A	C	C	T	C	A	C	T	T	C	T
98	98	116	339	39	4.1	87	33.6	G	T	G	T	G	A	T	C	G	C	G	C	A	C	T	T	C	T
99	99	95	322	12	-2.2	133	33.1	G	T	G	C	T	A	G	A	C	C	T	G	T	T	G	T	A	C
100	100	102	361	27	3.2	86	35.3	G	T	G	T	G	A	T	C	G	C	G	C	A	C	T	T	C	C
